USE sys

INSERT INTO CATEGORIA (id_categoria, nombre) VALUES
(1, 'Electrónica'),
(2, 'Hogar'),
(3, 'Ropa'),
(4, 'Juguetes'),
(5, 'Deportes');

INSERT INTO CLIENTE (id_cliente, nombre, email, fecha_registro) VALUES
(1, 'Eliana Toscano', 'eliana.toscano@email.com', NOW()),
(2, 'Renato Cifuentes', 'renato.cifuentes@email.com', NOW()),
(3, 'Isabela Montejo', 'isabela.montejo@email.com', NOW()),
(4, 'Tomás Villagrán', 'tomas.villagran@email.com', NOW()),
(5, 'Nadia Esquivel', 'nadia.esquivel@email.com', NOW())
(6, 'María Fernández', 'maria.fernandez@email.com', NOW()),
(7, 'Sofía Morales', 'sofia.morales@email.com', NOW()),
(8, 'Jorge Ramírez', 'jorge.ramirez@email.com', NOW()),
(9, 'Lucía Navarro', 'lucia.navarro@email.com', NOW()),
(10, 'Andrés Castro', 'andres.castro@email.com', NOW()),
(11, 'Valentina Soto', 'valentina.soto@email.com', NOW()),
(12, 'Miguel Herrera', 'miguel.herrera@email.com', NOW()),
(13, 'Isabel Vega', 'isabel.vega@email.com', NOW()),
(14, 'Felipe Lozano', 'felipe.lozano@email.com', NOW()),
(15, 'Camila Ortega', 'camila.ortega@email.com', NOW()),
(16, 'Ricardo Rojas', 'ricardo.rojas@email.com', NOW()),
(17, 'Daniela Campos', 'daniela.campos@email.com', NOW()),
(18, 'Fernando Molina', 'fernando.molina@email.com', NOW()),
(19, 'Patricia León', 'patricia.leon@email.com', NOW()),
(20, 'Raúl Gutiérrez', 'raul.gutierrez@email.com', NOW()),
(21, 'Gabriela Paredes', 'gabriela.paredes@email.com', NOW()),
(22, 'Héctor Salinas', 'hector.salinas@email.com', NOW()),
(23, 'Natalia Espinoza', 'natalia.espinoza@email.com', NOW()),
(24, 'Iván Méndez', 'ivan.mendez@email.com', NOW()),
(25, 'Mónica Bravo', 'monica.bravo@email.com', NOW()),
(26, 'Adrián Carrillo', 'adrian.carrillo@email.com', NOW()),
(27, 'Elena Fuentes', 'elena.fuentes@email.com', NOW()),
(28, 'Tomás Aguirre', 'tomas.aguirre@email.com', NOW()),
(29, 'Paula Villalobos', 'paula.villalobos@email.com', NOW()),
(30, 'Santiago Araya', 'santiago.araya@email.com', NOW()),
(31, 'Liliana Duarte', 'liliana.duarte@email.com', NOW()),
(32, 'Rodrigo Peña', 'rodrigo.pena@email.com', NOW()),
(33, 'Karla Medina', 'karla.medina@email.com', NOW()),
(34, 'Mauricio Flores', 'mauricio.flores@email.com', NOW()),
(35, 'Verónica Cabrera', 'veronica.cabrera@email.com', NOW()),
(36, 'Cristian Lara', 'cristian.lara@email.com', NOW()),
(37, 'Patricio Núñez', 'patricio.nunez@email.com', NOW()),
(38, 'Lorena Vázquez', 'lorena.vazquez@email.com', NOW()),
(39, 'Sebastián Pino', 'sebastian.pino@email.com', NOW()),
(40, 'Estefanía Cruz', 'estefania.cruz@email.com', NOW()),
(41, 'Gonzalo Tapia', 'gonzalo.tapia@email.com', NOW()),
(42, 'Cecilia Ramos', 'cecilia.ramos@email.com', NOW()),
(43, 'Marcos Rivas', 'marcos.rivas@email.com', NOW()),
(44, 'Florencia Silva', 'florencia.silva@email.com', NOW()),
(45, 'Emilio Contreras', 'emilio.contreras@email.com', NOW()),
(46, 'Carolina Espinosa', 'carolina.espinosa@email.com', NOW()),
(47, 'Francisco Valdés', 'francisco.valdes@email.com', NOW()),
(48, 'Patricia Herrera', 'patricia.herrera@email.com', NOW()),
(49, 'Javier Delgado', 'javier.delgado@email.com', NOW()),
(50, 'Alejandra Muñoz', 'alejandra.munoz@email.com', NOW());

INSERT INTO PRODUCTO (id_producto, nombre, precio, stock, id_categoria) VALUES
(101, 'Laptop Lenovo', 2500, 15, 1),
(102, 'Televisor Samsung 55"', 1800, 8, 1),
(103, 'Smartphone Xiaomi Redmi 12', 950, 0, 1),
(104, 'Audífonos Sony', 1200, 5, 1),
(105, 'Tablet Huawei MatePad', 1100, 12, 1),
(106, 'Refrigerador LG', 3200, 4, 2),
(107, 'Lavadora Whirlpool 20kg', 2500, 10, 2),
(108, 'Aspiradora Electrolux', 780, 0, 2),
(109, 'Microondas Panasonic', 640, 9, 2),
(110, 'Batidora Oster', 380, 13, 2),
(111, 'Camisa Hombre Formal', 120, 25, 3),
(112, 'Pantalón Jeans Mujer', 180, 0, 3),
(113, 'Chaqueta Deportiva', 350, 11, 3),
(114, 'Camiseta Algodón Unisex', 80, 20, 3),
(115, 'Zapatos Deportivos Nike', 520, 7, 3),
(116, 'Muñeca Barbie', 260, 0, 4),
(117, 'LEGO Star Wars', 890, 6, 4),
(118, 'Carro a Control Remoto', 450, 9, 4),
(119, 'Pelota Sensorial Infantil', 70, 18, 4),
(120, 'Rompecabezas 1000 piezas', 150, 15, 4),
(121, 'Balón de Fútbol Adidas', 220, 20, 5),
(122, 'Bicicleta Montañera GW', 1800, 3, 5),
(123, 'Guantes de Box Everlast', 260, 0, 5),
(124, 'Cuerda para Saltar', 45, 30, 5),
(125, 'Raqueta de Tenis Wilson', 640, 10, 5),
(126, 'Monitor Dell 27"', 1450, 8, 1),
(127, 'Mouse Logitech G502', 320, 25, 1),
(128, 'Teclado Mecánico Redragon', 290, 0, 1),
(129, 'Parlante JBL Charge 5', 520, 11, 1),
(130, 'Cámara Canon EOS 250D', 3100, 4, 1),
(131, 'Cafetera Nespresso', 720, 6, 2),
(132, 'Ventilador de Torre Imaco', 400, 8, 2),
(133, 'Lámpara de Escritorio LED', 150, 0, 2),
(134, 'Plancha de Ropa Philips', 300, 10, 2),
(135, 'Cortinas Blackout', 180, 14, 2),
(136, 'Vestido de Verano', 250, 0, 3),
(137, 'Gorra Adidas', 90, 17, 3),
(138, 'Bufanda de Lana', 110, 5, 3),
(139, 'Medias Deportivas', 40, 40, 3),
(140, 'Cinturón Cuero Hombre', 130, 7, 3),
(141, 'Peluche Gigante Oso', 300, 0, 4),
(142, 'Set de Pintura para Niños', 210, 19, 4),
(143, 'Drone Infantil', 750, 2, 4),
(144, 'Juego de Mesa Monopoly', 260, 9, 4),
(145, 'Puzzle 3D Torre Eiffel', 200, 13, 4),
(146, 'Pesas de 10kg', 420, 12, 5),
(147, 'Camiseta Running Hombre', 140, 0, 5),
(148, 'Gafas de Natación Speedo', 95, 22, 5),
(149, 'Colchoneta de Yoga', 180, 10, 5),
(150, 'Casco de Ciclismo', 260, 5, 5);

INSERT INTO PEDIDO (id_pedido, id_cliente, fecha_pedido, estado) VALUES
(1001, 1, NOW() - INTERVAL 10 DAY, 'ENVIADO'),
(1002, 5, NOW() - INTERVAL 3 DAY, 'PENDIENTE'),
(1003, 8, NOW() - INTERVAL 12 DAY, 'ENTREGADO'),
(1004, 12, NOW() - INTERVAL 7 DAY, 'CANCELADO'),
(1005, 2, NOW() - INTERVAL 25 DAY, 'ENTREGADO'),
(1006, 17, NOW() - INTERVAL 14 DAY, 'ENVIADO'),
(1007, 9, NOW() - INTERVAL 5 DAY, 'PENDIENTE'),
(1008, 3, NOW() - INTERVAL 19 DAY, 'ENTREGADO'),
(1009, 15, NOW() - INTERVAL 9 DAY, 'ENVIADO'),
(1010, 4, NOW() - INTERVAL 2 DAY, 'PENDIENTE'),
(1011, 11, NOW() - INTERVAL 8 DAY, 'ENVIADO'),
(1012, 6, NOW() - INTERVAL 11 DAY, 'CANCELADO'),
(1013, 22, NOW() - INTERVAL 27 DAY, 'ENTREGADO'),
(1014, 19, NOW() - INTERVAL 18 DAY, 'ENVIADO'),
(1015, 14, NOW() - INTERVAL 21 DAY, 'PENDIENTE'),
(1016, 10, NOW() - INTERVAL 6 DAY, 'ENVIADO'),
(1017, 23, NOW() - INTERVAL 17 DAY, 'ENTREGADO'),
(1018, 16, NOW() - INTERVAL 4 DAY, 'PENDIENTE'),
(1019, 7, NOW() - INTERVAL 13 DAY, 'ENVIADO'),
(1020, 20, NOW() - INTERVAL 1 DAY, 'ENTREGADO'),
(1021, 24, NOW() - INTERVAL 28 DAY, 'CANCELADO'),
(1022, 25, NOW() - INTERVAL 15 DAY, 'ENVIADO'),
(1023, 26, NOW() - INTERVAL 9 DAY, 'ENTREGADO'),
(1024, 27, NOW() - INTERVAL 3 DAY, 'PENDIENTE'),
(1025, 28, NOW() - INTERVAL 11 DAY, 'ENVIADO'),
(1026, 29, NOW() - INTERVAL 5 DAY, 'ENTREGADO'),
(1027, 30, NOW() - INTERVAL 24 DAY, 'ENVIADO'),
(1028, 31, NOW() - INTERVAL 8 DAY, 'CANCELADO'),
(1029, 32, NOW() - INTERVAL 22 DAY, 'ENTREGADO'),
(1030, 33, NOW() - INTERVAL 14 DAY, 'ENVIADO'),
(1031, 34, NOW() - INTERVAL 2 DAY, 'PENDIENTE'),
(1032, 35, NOW() - INTERVAL 20 DAY, 'ENVIADO'),
(1033, 36, NOW() - INTERVAL 18 DAY, 'ENTREGADO'),
(1034, 37, NOW() - INTERVAL 9 DAY, 'PENDIENTE'),
(1035, 38, NOW() - INTERVAL 7 DAY, 'ENVIADO'),
(1036, 39, NOW() - INTERVAL 4 DAY, 'ENTREGADO'),
(1037, 40, NOW() - INTERVAL 23 DAY, 'ENVIADO'),
(1038, 41, NOW() - INTERVAL 16 DAY, 'CANCELADO'),
(1039, 42, NOW() - INTERVAL 6 DAY, 'ENTREGADO'),
(1040, 43, NOW() - INTERVAL 26 DAY, 'ENVIADO'),
(1041, 44, NOW() - INTERVAL 19 DAY, 'ENTREGADO'),
(1042, 45, NOW() - INTERVAL 10 DAY, 'PENDIENTE'),
(1043, 46, NOW() - INTERVAL 13 DAY, 'ENVIADO'),
(1044, 47, NOW() - INTERVAL 8 DAY, 'ENTREGADO'),
(1045, 48, NOW() - INTERVAL 2 DAY, 'PENDIENTE'),
(1046, 49, NOW() - INTERVAL 29 DAY, 'CANCELADO'),
(1047, 50, NOW() - INTERVAL 21 DAY, 'ENVIADO'),
(1048, 1, NOW() - INTERVAL 5 DAY, 'ENTREGADO'),
(1049, 2, NOW() - INTERVAL 9 DAY, 'PENDIENTE'),
(1050, 3, NOW() - INTERVAL 18 DAY, 'ENVIADO'),
(1051, 4, NOW() - INTERVAL 27 DAY, 'CANCELADO'),
(1052, 5, NOW() - INTERVAL 15 DAY, 'ENTREGADO'),
(1053, 6, NOW() - INTERVAL 8 DAY, 'ENVIADO'),
(1054, 7, NOW() - INTERVAL 14 DAY, 'PENDIENTE'),
(1055, 8, NOW() - INTERVAL 6 DAY, 'ENVIADO'),
(1056, 9, NOW() - INTERVAL 11 DAY, 'ENTREGADO'),
(1057, 10, NOW() - INTERVAL 4 DAY, 'ENVIADO'),
(1058, 11, NOW() - INTERVAL 7 DAY, 'ENTREGADO'),
(1059, 12, NOW() - INTERVAL 22 DAY, 'PENDIENTE'),
(1060, 13, NOW() - INTERVAL 5 DAY, 'ENVIADO'),
(1061, 14, NOW() - INTERVAL 1 DAY, 'ENTREGADO'),
(1062, 15, NOW() - INTERVAL 18 DAY, 'CANCELADO'),
(1063, 16, NOW() - INTERVAL 12 DAY, 'ENVIADO'),
(1064, 17, NOW() - INTERVAL 24 DAY, 'ENTREGADO'),
(1065, 18, NOW() - INTERVAL 6 DAY, 'PENDIENTE'),
(1066, 19, NOW() - INTERVAL 20 DAY, 'ENVIADO'),
(1067, 20, NOW() - INTERVAL 8 DAY, 'ENTREGADO'),
(1068, 21, NOW() - INTERVAL 17 DAY, 'CANCELADO'),
(1069, 22, NOW() - INTERVAL 3 DAY, 'ENVIADO'),
(1070, 23, NOW() - INTERVAL 11 DAY, 'ENTREGADO'),
(1071, 24, NOW() - INTERVAL 9 DAY, 'PENDIENTE'),
(1072, 25, NOW() - INTERVAL 13 DAY, 'ENVIADO'),
(1073, 26, NOW() - INTERVAL 19 DAY, 'ENTREGADO'),
(1074, 27, NOW() - INTERVAL 10 DAY, 'ENVIADO'),
(1075, 28, NOW() - INTERVAL 5 DAY, 'ENTREGADO'),
(1076, 29, NOW() - INTERVAL 4 DAY, 'PENDIENTE'),
(1077, 30, NOW() - INTERVAL 16 DAY, 'ENVIADO'),
(1078, 31, NOW() - INTERVAL 2 DAY, 'ENTREGADO'),
(1079, 32, NOW() - INTERVAL 23 DAY, 'CANCELADO'),
(1080, 33, NOW() - INTERVAL 12 DAY, 'ENVIADO'),
(1081, 34, NOW() - INTERVAL 1 DAY, 'ENTREGADO'),
(1082, 35, NOW() - INTERVAL 6 DAY, 'ENVIADO'),
(1083, 36, NOW() - INTERVAL 14 DAY, 'PENDIENTE'),
(1084, 37, NOW() - INTERVAL 7 DAY, 'ENVIADO'),
(1085, 38, NOW() - INTERVAL 25 DAY, 'ENTREGADO'),
(1086, 39, NOW() - INTERVAL 19 DAY, 'PENDIENTE'),
(1087, 40, NOW() - INTERVAL 11 DAY, 'ENVIADO'),
(1088, 41, NOW() - INTERVAL 13 DAY, 'ENTREGADO'),
(1089, 42, NOW() - INTERVAL 28 DAY, 'ENVIADO'),
(1090, 43, NOW() - INTERVAL 10 DAY, 'CANCELADO'),
(1091, 44, NOW() - INTERVAL 9 DAY, 'ENVIADO'),
(1092, 45, NOW() - INTERVAL 3 DAY, 'ENTREGADO'),
(1093, 46, NOW() - INTERVAL 8 DAY, 'PENDIENTE'),
(1094, 47, NOW() - INTERVAL 15 DAY, 'ENVIADO'),
(1095, 48, NOW() - INTERVAL 6 DAY, 'ENTREGADO'),
(1096, 49, NOW() - INTERVAL 2 DAY, 'PENDIENTE'),
(1097, 50, NOW() - INTERVAL 26 DAY, 'ENVIADO'),
(1098, 12, NOW() - INTERVAL 20 DAY, 'ENTREGADO'),
(1099, 24, NOW() - INTERVAL 5 DAY, 'ENVIADO'),
(1100, 8, NOW() - INTERVAL 9 DAY, 'PENDIENTE'),
(1101, 3, NOW() - INTERVAL 7 DAY, 'ENTREGADO'),
(1102, 15, NOW() - INTERVAL 18 DAY, 'PENDIENTE'),
(1103, 21, NOW() - INTERVAL 10 DAY, 'ENVIADO'),
(1104, 47, NOW() - INTERVAL 22 DAY, 'ENTREGADO'),
(1105, 2, NOW() - INTERVAL 5 DAY, 'CANCELADO'),
(1106, 18, NOW() - INTERVAL 8 DAY, 'ENVIADO'),
(1107, 6, NOW() - INTERVAL 25 DAY, 'ENTREGADO'),
(1108, 24, NOW() - INTERVAL 19 DAY, 'PENDIENTE'),
(1109, 33, NOW() - INTERVAL 3 DAY, 'ENVIADO'),
(1110, 11, NOW() - INTERVAL 9 DAY, 'ENTREGADO'),
(1111, 7, NOW() - INTERVAL 13 DAY, 'ENVIADO'),
(1112, 39, NOW() - INTERVAL 15 DAY, 'CANCELADO'),
(1113, 45, NOW() - INTERVAL 2 DAY, 'ENVIADO'),
(1114, 17, NOW() - INTERVAL 14 DAY, 'ENTREGADO'),
(1115, 41, NOW() - INTERVAL 20 DAY, 'PENDIENTE'),
(1116, 4, NOW() - INTERVAL 6 DAY, 'ENVIADO'),
(1117, 28, NOW() - INTERVAL 23 DAY, 'ENTREGADO'),
(1118, 8, NOW() - INTERVAL 12 DAY, 'CANCELADO'),
(1119, 32, NOW() - INTERVAL 16 DAY, 'ENVIADO'),
(1120, 22, NOW() - INTERVAL 11 DAY, 'ENTREGADO'),
(1121, 13, NOW() - INTERVAL 24 DAY, 'ENVIADO'),
(1122, 10, NOW() - INTERVAL 5 DAY, 'PENDIENTE'),
(1123, 16, NOW() - INTERVAL 7 DAY, 'ENVIADO'),
(1124, 27, NOW() - INTERVAL 13 DAY, 'ENTREGADO'),
(1125, 35, NOW() - INTERVAL 18 DAY, 'PENDIENTE'),
(1126, 40, NOW() - INTERVAL 26 DAY, 'ENVIADO'),
(1127, 29, NOW() - INTERVAL 8 DAY, 'ENTREGADO'),
(1128, 20, NOW() - INTERVAL 10 DAY, 'ENVIADO'),
(1129, 26, NOW() - INTERVAL 21 DAY, 'CANCELADO'),
(1130, 46, NOW() - INTERVAL 14 DAY, 'ENTREGADO'),
(1131, 12, NOW() - INTERVAL 9 DAY, 'PENDIENTE'),
(1132, 30, NOW() - INTERVAL 11 DAY, 'ENVIADO'),
(1133, 14, NOW() - INTERVAL 4 DAY, 'ENTREGADO'),
(1134, 23, NOW() - INTERVAL 28 DAY, 'CANCELADO'),
(1135, 1, NOW() - INTERVAL 6 DAY, 'ENVIADO'),
(1136, 5, NOW() - INTERVAL 2 DAY, 'ENTREGADO'),
(1137, 9, NOW() - INTERVAL 17 DAY, 'ENVIADO'),
(1138, 25, NOW() - INTERVAL 29 DAY, 'PENDIENTE'),
(1139, 31, NOW() - INTERVAL 19 DAY, 'ENTREGADO'),
(1140, 34, NOW() - INTERVAL 16 DAY, 'ENVIADO'),
(1141, 42, NOW() - INTERVAL 9 DAY, 'CANCELADO'),
(1142, 48, NOW() - INTERVAL 20 DAY, 'ENTREGADO'),
(1143, 49, NOW() - INTERVAL 7 DAY, 'ENVIADO'),
(1144, 37, NOW() - INTERVAL 5 DAY, 'ENTREGADO'),
(1145, 44, NOW() - INTERVAL 12 DAY, 'ENVIADO'),
(1146, 50, NOW() - INTERVAL 30 DAY, 'CANCELADO'),
(1147, 38, NOW() - INTERVAL 3 DAY, 'ENVIADO'),
(1148, 36, NOW() - INTERVAL 10 DAY, 'ENTREGADO'),
(1149, 43, NOW() - INTERVAL 14 DAY, 'ENVIADO'),
(1150, 19, NOW() - INTERVAL 22 DAY, 'ENTREGADO'),
(1151, 8, NOW() - INTERVAL 1 DAY, 'PENDIENTE'),
(1152, 2, NOW() - INTERVAL 16 DAY, 'ENVIADO'),
(1153, 17, NOW() - INTERVAL 13 DAY, 'ENTREGADO'),
(1154, 5, NOW() - INTERVAL 20 DAY, 'ENVIADO'),
(1155, 9, NOW() - INTERVAL 4 DAY, 'ENTREGADO'),
(1156, 21, NOW() - INTERVAL 8 DAY, 'ENVIADO'),
(1157, 32, NOW() - INTERVAL 24 DAY, 'CANCELADO'),
(1158, 25, NOW() - INTERVAL 15 DAY, 'ENTREGADO'),
(1159, 28, NOW() - INTERVAL 19 DAY, 'PENDIENTE'),
(1160, 3, NOW() - INTERVAL 5 DAY, 'ENVIADO'),
(1161, 10, NOW() - INTERVAL 27 DAY, 'ENTREGADO'),
(1162, 30, NOW() - INTERVAL 6 DAY, 'ENVIADO'),
(1163, 18, NOW() - INTERVAL 11 DAY, 'ENTREGADO'),
(1164, 7, NOW() - INTERVAL 9 DAY, 'CANCELADO'),
(1165, 16, NOW() - INTERVAL 17 DAY, 'ENVIADO'),
(1166, 35, NOW() - INTERVAL 13 DAY, 'ENTREGADO'),
(1167, 27, NOW() - INTERVAL 3 DAY, 'PENDIENTE'),
(1168, 14, NOW() - INTERVAL 25 DAY, 'ENVIADO'),
(1169, 6, NOW() - INTERVAL 15 DAY, 'ENTREGADO'),
(1170, 12, NOW() - INTERVAL 7 DAY, 'ENVIADO'),
(1171, 20, NOW() - INTERVAL 18 DAY, 'ENTREGADO'),
(1172, 22, NOW() - INTERVAL 12 DAY, 'PENDIENTE'),
(1173, 11, NOW() - INTERVAL 14 DAY, 'ENVIADO'),
(1174, 26, NOW() - INTERVAL 9 DAY, 'ENTREGADO'),
(1175, 33, NOW() - INTERVAL 21 DAY, 'ENVIADO'),
(1176, 4, NOW() - INTERVAL 10 DAY, 'CANCELADO'),
(1177, 13, NOW() - INTERVAL 2 DAY, 'ENVIADO'),
(1178, 15, NOW() - INTERVAL 23 DAY, 'ENTREGADO'),
(1179, 29, NOW() - INTERVAL 19 DAY, 'ENVIADO'),
(1180, 45, NOW() - INTERVAL 16 DAY, 'ENTREGADO'),
(1181, 40, NOW() - INTERVAL 6 DAY, 'PENDIENTE'),
(1182, 24, NOW() - INTERVAL 28 DAY, 'ENVIADO'),
(1183, 41, NOW() - INTERVAL 15 DAY, 'ENTREGADO'),
(1184, 36, NOW() - INTERVAL 9 DAY, 'ENVIADO'),
(1185, 44, NOW() - INTERVAL 4 DAY, 'ENTREGADO'),
(1186, 38, NOW() - INTERVAL 13 DAY, 'ENVIADO'),
(1187, 42, NOW() - INTERVAL 22 DAY, 'CANCELADO'),
(1188, 46, NOW() - INTERVAL 11 DAY, 'ENVIADO'),
(1189, 49, NOW() - INTERVAL 17 DAY, 'ENTREGADO'),
(1190, 50, NOW() - INTERVAL 7 DAY, 'ENVIADO'),
(1191, 1, NOW() - INTERVAL 3 DAY, 'ENTREGADO'),
(1192, 3, NOW() - INTERVAL 10 DAY, 'ENVIADO'),
(1193, 8, NOW() - INTERVAL 5 DAY, 'PENDIENTE'),
(1194, 23, NOW() - INTERVAL 29 DAY, 'ENTREGADO'),
(1195, 9, NOW() - INTERVAL 12 DAY, 'ENVIADO'),
(1196, 2, NOW() - INTERVAL 20 DAY, 'ENTREGADO'),
(1197, 5, NOW() - INTERVAL 8 DAY, 'PENDIENTE'),
(1198, 7, NOW() - INTERVAL 14 DAY, 'ENVIADO'),
(1199, 10, NOW() - INTERVAL 1 DAY, 'ENTREGADO'),
(1200, 11, NOW() - INTERVAL 6 DAY, 'ENVIADO');

INSERT INTO DETALLE_PEDIDO (id_pedido, id_producto, cantidad, precio_unit) VALUES
(1001, 105, 2, 1100),
(1002, 120, 3, 150),
(1003, 133, 1, 150),
(1004, 110, 4, 380),
(1005, 129, 1, 520),
(1006, 108, 2, 780),
(1007, 142, 5, 210),
(1008, 125, 3, 640),
(1009, 132, 1, 400),
(1010, 101, 4, 2500),
(1011, 139, 2, 40),
(1012, 115, 3, 520),
(1013, 122, 2, 1800),
(1014, 147, 4, 140),
(1015, 107, 3, 2500),
(1016, 121, 2, 220),
(1017, 144, 1, 260),
(1018, 136, 4, 250),
(1019, 111, 3, 120),
(1020, 124, 1, 45),
(1021, 103, 2, 950),
(1022, 140, 3, 130),
(1023, 117, 2, 890),
(1024, 109, 1, 640),
(1025, 126, 4, 1450),
(1026, 130, 3, 3100),
(1027, 135, 2, 180),
(1028, 102, 1, 1800),
(1029, 148, 3, 95),
(1030, 119, 4, 70),
(1031, 113, 5, 350),
(1032, 137, 2, 90),
(1033, 104, 1, 1200),
(1034, 149, 3, 180),
(1035, 116, 2, 260),
(1036, 131, 1, 720),
(1037, 146, 3, 420),
(1038, 118, 4, 450),
(1039, 134, 2, 300),
(1040, 114, 1, 80),
(1041, 127, 3, 320),
(1042, 138, 2, 110),
(1043, 143, 1, 750),
(1044, 123, 4, 260),
(1045, 112, 3, 180),
(1046, 128, 2, 290),
(1047, 141, 1, 300),
(1048, 150, 3, 260),
(1049, 145, 2, 200),
(1050, 106, 1, 3200),
(1051, 108, 3, 780),
(1052, 114, 2, 80),
(1053, 120, 4, 150),
(1054, 134, 1, 300),
(1055, 139, 3, 40),
(1056, 146, 2, 420),
(1057, 107, 4, 2500),
(1058, 148, 3, 95),
(1059, 117, 2, 890),
(1060, 121, 1, 220),
(1061, 137, 5, 90),
(1062, 102, 2, 1800),
(1063, 149, 1, 180),
(1064, 130, 3, 3100),
(1065, 140, 2, 130),
(1066, 144, 4, 260),
(1067, 126, 3, 1450),
(1068, 105, 2, 1100),
(1069, 123, 1, 260),
(1070, 135, 3, 180),
(1071, 132, 2, 400),
(1072, 138, 1, 110),
(1073, 111, 3, 120),
(1074, 127, 2, 320),
(1075, 145, 1, 200),
(1076, 116, 3, 260),
(1077, 124, 2, 45),
(1078, 150, 4, 260),
(1079, 129, 3, 520),
(1080, 101, 2, 2500),
(1081, 136, 1, 250),
(1082, 133, 3, 150),
(1083, 143, 2, 750),
(1084, 119, 1, 70),
(1085, 142, 3, 210),
(1086, 112, 2, 180),
(1087, 128, 1, 290),
(1088, 104, 4, 1200),
(1089, 109, 2, 640),
(1090, 115, 3, 520),
(1091, 125, 1, 640),
(1092, 131, 2, 720),
(1093, 118, 4, 450),
(1094, 122, 3, 1800),
(1095, 103, 2, 950),
(1096, 147, 1, 140),
(1097, 120, 3, 150),
(1098, 107, 2, 2500),
(1099, 114, 1, 80),
(1100, 135, 3, 180),
(1101, 106, 2, 3200),
(1102, 118, 3, 450),
(1103, 127, 1, 320),
(1104, 143, 4, 750),
(1105, 112, 2, 180),
(1106, 134, 3, 300),
(1107, 101, 2, 2500),
(1108, 125, 4, 640),
(1109, 119, 3, 70),
(1110, 140, 1, 130),
(1111, 111, 2, 120),
(1112, 137, 3, 90),
(1113, 145, 1, 200),
(1114, 109, 2, 640),
(1115, 124, 3, 45),
(1116, 146, 4, 420),
(1117, 121, 1, 220),
(1118, 117, 3, 890),
(1119, 128, 2, 290),
(1120, 130, 1, 3100),
(1121, 105, 3, 1100),
(1122, 133, 2, 150),
(1123, 122, 1, 1800),
(1124, 147, 4, 140),
(1125, 103, 2, 950),
(1126, 150, 3, 260),
(1127, 126, 1, 1450),
(1128, 139, 2, 40),
(1129, 108, 3, 780),
(1130, 132, 4, 400),
(1131, 104, 2, 1200),
(1132, 149, 1, 180),
(1133, 115, 3, 520),
(1134, 138, 2, 110),
(1135, 123, 1, 260),
(1136, 141, 3, 300),
(1137, 120, 2, 150),
(1138, 136, 1, 250),
(1139, 114, 3, 80),
(1140, 129, 2, 520),
(1141, 107, 1, 2500),
(1142, 144, 4, 260),
(1143, 110, 3, 380),
(1144, 102, 2, 1800),
(1145, 135, 1, 180),
(1146, 116, 3, 260),
(1147, 148, 2, 95),
(1148, 131, 1, 720),
(1149, 119, 2, 70),
(1150, 112, 3, 180),
(1151, 125, 4, 640),
(1152, 137, 2, 90),
(1153, 134, 1, 300),
(1154, 140, 3, 130),
(1155, 121, 2, 220),
(1156, 146, 1, 420),
(1157, 117, 3, 890),
(1158, 127, 2, 320),
(1159, 105, 1, 1100),
(1160, 150, 4, 260),
(1161, 111, 2, 120),
(1162, 142, 3, 210),
(1163, 130, 1, 3100),
(1164, 108, 2, 780),
(1165, 132, 3, 400),
(1166, 118, 4, 450),
(1167, 135, 1, 180),
(1168, 104, 2, 1200),
(1169, 139, 3, 40),
(1170, 120, 1, 150),
(1171, 114, 2, 80),
(1172, 138, 3, 110),
(1173, 126, 4, 1450),
(1174, 145, 1, 200),
(1175, 109, 2, 640),
(1176, 131, 3, 720),
(1177, 147, 1, 140),
(1178, 119, 2, 70),
(1179, 106, 3, 3200),
(1180, 133, 4, 150),
(1181, 101, 2, 2500),
(1182, 128, 1, 290),
(1183, 116, 3, 260),
(1184, 143, 2, 750),
(1185, 124, 1, 45),
(1186, 136, 3, 250),
(1187, 102, 2, 1800),
(1188, 140, 1, 130),
(1189, 134, 3, 300),
(1190, 112, 2, 180),
(1191, 150, 4, 260),
(1192, 107, 2, 2500),
(1193, 125, 3, 640),
(1194, 121, 1, 220),
(1195, 148, 2, 95),
(1196, 115, 3, 520),
(1197, 138, 1, 110),
(1198, 117, 2, 890),
(1199, 127, 3, 320),
(1200, 144, 1, 260);

INSERT INTO HISTORICO_PRECIOS (id_producto, precio_anterior, precio_nuevo, fecha_cambio) VALUES
(101, 2300, 2500, DATE_SUB(CURDATE(), INTERVAL 12 DAY)),
(102, 1900, 1800, DATE_SUB(CURDATE(), INTERVAL 25 DAY)),
(103, 870, 950, DATE_SUB(CURDATE(), INTERVAL 30 DAY)),
(104, 1300, 1200, DATE_SUB(CURDATE(), INTERVAL 18 DAY)),
(105, 1150, 1100, DATE_SUB(CURDATE(), INTERVAL 9 DAY)),
(106, 3500, 3200, DATE_SUB(CURDATE(), INTERVAL 27 DAY)),
(107, 2400, 2500, DATE_SUB(CURDATE(), INTERVAL 40 DAY)),
(108, 800, 780, DATE_SUB(CURDATE(), INTERVAL 15 DAY)),
(109, 700, 640, DATE_SUB(CURDATE(), INTERVAL 22 DAY)),
(110, 350, 380, DATE_SUB(CURDATE(), INTERVAL 11 DAY)),
(111, 100, 120, DATE_SUB(CURDATE(), INTERVAL 31 DAY)),
(112, 200, 180, DATE_SUB(CURDATE(), INTERVAL 35 DAY)),
(113, 330, 350, DATE_SUB(CURDATE(), INTERVAL 14 DAY)),
(114, 90, 80, DATE_SUB(CURDATE(), INTERVAL 7 DAY)),
(115, 480, 520, DATE_SUB(CURDATE(), INTERVAL 10 DAY)),
(116, 300, 260, DATE_SUB(CURDATE(), INTERVAL 21 DAY)),
(117, 950, 890, DATE_SUB(CURDATE(), INTERVAL 28 DAY)),
(118, 400, 450, DATE_SUB(CURDATE(), INTERVAL 19 DAY)),
(119, 80, 70, DATE_SUB(CURDATE(), INTERVAL 42 DAY)),
(120, 130, 150, DATE_SUB(CURDATE(), INTERVAL 13 DAY)),
(121, 200, 220, DATE_SUB(CURDATE(), INTERVAL 33 DAY)),
(122, 1750, 1800, DATE_SUB(CURDATE(), INTERVAL 16 DAY)),
(123, 290, 260, DATE_SUB(CURDATE(), INTERVAL 26 DAY)),
(124, 50, 45, DATE_SUB(CURDATE(), INTERVAL 44 DAY)),
(125, 600, 640, DATE_SUB(CURDATE(), INTERVAL 17 DAY)),
(126, 1350, 1450, DATE_SUB(CURDATE(), INTERVAL 20 DAY)),
(127, 300, 320, DATE_SUB(CURDATE(), INTERVAL 29 DAY)),
(128, 310, 290, DATE_SUB(CURDATE(), INTERVAL 24 DAY)),
(129, 500, 520, DATE_SUB(CURDATE(), INTERVAL 9 DAY)),
(130, 3200, 3100, DATE_SUB(CURDATE(), INTERVAL 38 DAY)),
(131, 680, 720, DATE_SUB(CURDATE(), INTERVAL 12 DAY)),
(132, 370, 400, DATE_SUB(CURDATE(), INTERVAL 43 DAY)),
(133, 140, 150, DATE_SUB(CURDATE(), INTERVAL 22 DAY)),
(134, 280, 300, DATE_SUB(CURDATE(), INTERVAL 32 DAY)),
(135, 200, 180, DATE_SUB(CURDATE(), INTERVAL 15 DAY)),
(136, 230, 250, DATE_SUB(CURDATE(), INTERVAL 46 DAY)),
(137, 100, 90, DATE_SUB(CURDATE(), INTERVAL 25 DAY)),
(138, 120, 110, DATE_SUB(CURDATE(), INTERVAL 18 DAY)),
(139, 45, 40, DATE_SUB(CURDATE(), INTERVAL 10 DAY)),
(140, 150, 130, DATE_SUB(CURDATE(), INTERVAL 35 DAY)),
(141, 280, 300, DATE_SUB(CURDATE(), INTERVAL 8 DAY)),
(142, 230, 210, DATE_SUB(CURDATE(), INTERVAL 39 DAY)),
(143, 700, 750, DATE_SUB(CURDATE(), INTERVAL 20 DAY)),
(144, 250, 260, DATE_SUB(CURDATE(), INTERVAL 16 DAY)),
(145, 220, 200, DATE_SUB(CURDATE(), INTERVAL 11 DAY)),
(146, 390, 420, DATE_SUB(CURDATE(), INTERVAL 23 DAY)),
(147, 160, 140, DATE_SUB(CURDATE(), INTERVAL 41 DAY)),
(148, 100, 95, DATE_SUB(CURDATE(), INTERVAL 27 DAY)),
(149, 200, 180, DATE_SUB(CURDATE(), INTERVAL 34 DAY)),
(150, 280, 260, DATE_SUB(CURDATE(), INTERVAL 48 DAY)),
(149, 180, 195, DATE_SUB(CURDATE(), INTERVAL 34 DAY));

INSERT INTO HISTORICO_PRECIOS (id_producto, precio_anterior, precio_nuevo, fecha_cambio) VALUES
(149, 180, 195, DATE_SUB(CURDATE(), INTERVAL 34 DAY));

INSERT INTO AUDITORIA_PEDIDOS (id_pedido, usuario_bd, fecha_evento, accion) VALUES
(1001, 'admin', NOW() - INTERVAL 10 DAY, 'CREACIÓN DE PEDIDO'),
(1002, 'vendedor1', NOW() - INTERVAL 9 DAY, 'ACTUALIZACIÓN DE ESTADO A ENVIADO'),
(1003, 'admin', NOW() - INTERVAL 8 DAY, 'ELIMINACIÓN DE PEDIDO'),
(1004, 'vendedor2', NOW() - INTERVAL 7 DAY, 'CREACIÓN DE PEDIDO'),
(1005, 'vendedor1', NOW() - INTERVAL 6 DAY, 'CAMBIO DE DIRECCIÓN DE ENVÍO'),
(1006, 'admin', NOW() - INTERVAL 5 DAY, 'ACTUALIZACIÓN DE PAGO CONFIRMADO'),
(1007, 'SYSTEM', NOW() - INTERVAL 4 DAY, 'CAMBIO DE ESTADO A ENTREGADO'),
(1008, 'admin', NOW() - INTERVAL 3 DAY, 'CREACIÓN DE PEDIDO'),
(1009, 'vendedor2', NOW() - INTERVAL 2 DAY, 'ACTUALIZACIÓN DE ESTADO A PENDIENTE'),
(1010, 'vendedor1', NOW() - INTERVAL 1 DAY, 'CANCELACIÓN DE PEDIDO'),
(1011, 'admin', NOW() - INTERVAL 10 DAY, 'CREACIÓN DE PEDIDO'),
(1012, 'vendedor1', NOW() - INTERVAL 9 DAY, 'ACTUALIZACIÓN DE ESTADO A ENVIADO'),
(1013, 'admin', NOW() - INTERVAL 8 DAY, 'ELIMINACIÓN DE PEDIDO'),
(1014, 'vendedor2', NOW() - INTERVAL 7 DAY, 'CREACIÓN DE PEDIDO'),
(1015, 'vendedor1', NOW() - INTERVAL 6 DAY, 'CAMBIO DE DIRECCIÓN DE ENVÍO'),
(1016, 'admin', NOW() - INTERVAL 5 DAY, 'ACTUALIZACIÓN DE PAGO CONFIRMADO'),
(1017, 'SYSTEM', NOW() - INTERVAL 4 DAY, 'CAMBIO DE ESTADO A ENTREGADO'),
(1018, 'admin', NOW() - INTERVAL 3 DAY, 'CREACIÓN DE PEDIDO'),
(1019, 'vendedor2', NOW() - INTERVAL 2 DAY, 'ACTUALIZACIÓN DE ESTADO A PENDIENTE'),
(1020, 'vendedor1', NOW() - INTERVAL 1 DAY, 'CANCELACIÓN DE PEDIDO'),
(1021, 'admin', NOW() - INTERVAL 10 DAY, 'CREACIÓN DE PEDIDO'),
(1022, 'vendedor1', NOW() - INTERVAL 9 DAY, 'ACTUALIZACIÓN DE ESTADO A ENVIADO'),
(1023, 'admin', NOW() - INTERVAL 8 DAY, 'ELIMINACIÓN DE PEDIDO'),
(1024, 'vendedor2', NOW() - INTERVAL 7 DAY, 'CREACIÓN DE PEDIDO'),
(1025, 'vendedor1', NOW() - INTERVAL 6 DAY, 'CAMBIO DE DIRECCIÓN DE ENVÍO'),
(1026, 'admin', NOW() - INTERVAL 5 DAY, 'ACTUALIZACIÓN DE PAGO CONFIRMADO'),
(1027, 'SYSTEM', NOW() - INTERVAL 4 DAY, 'CAMBIO DE ESTADO A ENTREGADO'),
(1028, 'admin', NOW() - INTERVAL 3 DAY, 'CREACIÓN DE PEDIDO'),
(1029, 'vendedor2', NOW() - INTERVAL 2 DAY, 'ACTUALIZACIÓN DE ESTADO A PENDIENTE'),
(1030, 'vendedor1', NOW() - INTERVAL 1 DAY, 'CANCELACIÓN DE PEDIDO');

